{
  "Open feedback page" : {
    "transaction" : "Open feedback page",
    "sampleCount" : 951,
    "errorCount" : 0,
    "errorPct" : 0.0,
    "meanResTime" : 33.116719242902185,
    "medianResTime" : 13.0,
    "minResTime" : 6.0,
    "maxResTime" : 192.0,
    "pct1ResTime" : 71.0,
    "pct2ResTime" : 76.0,
    "pct3ResTime" : 112.88000000000011,
    "throughput" : 3.273970386232111,
    "receivedKBytesPerSec" : 74.4470380799162,
    "sentKBytesPerSec" : 1.7649015571154634
  },
  "Search a keyword" : {
    "transaction" : "Search a keyword",
    "sampleCount" : 1488,
    "errorCount" : 0,
    "errorPct" : 0.0,
    "meanResTime" : 45.63104838709683,
    "medianResTime" : 12.0,
    "minResTime" : 6.0,
    "maxResTime" : 227.0,
    "pct1ResTime" : 113.0,
    "pct2ResTime" : 123.0,
    "pct3ResTime" : 171.1099999999999,
    "throughput" : 5.0649284340589205,
    "receivedKBytesPerSec" : 149.90360191126163,
    "sentKBytesPerSec" : 2.778272695168235
  },
  "Enter credentials-1" : {
    "transaction" : "Enter credentials-1",
    "sampleCount" : 1636,
    "errorCount" : 0,
    "errorPct" : 0.0,
    "meanResTime" : 62.53239608801956,
    "medianResTime" : 61.0,
    "minResTime" : 30.0,
    "maxResTime" : 184.0,
    "pct1ResTime" : 77.0,
    "pct2ResTime" : 85.14999999999986,
    "pct3ResTime" : 120.62999999999988,
    "throughput" : 5.571770603801474,
    "receivedKBytesPerSec" : 127.55699645038025,
    "sentKBytesPerSec" : 3.678944279739666
  },
  "Click Login" : {
    "transaction" : "Click Login",
    "sampleCount" : 1643,
    "errorCount" : 0,
    "errorPct" : 0.0,
    "meanResTime" : 10.94278758368838,
    "medianResTime" : 10.0,
    "minResTime" : 6.0,
    "maxResTime" : 91.0,
    "pct1ResTime" : 13.0,
    "pct2ResTime" : 17.0,
    "pct3ResTime" : 46.679999999999836,
    "throughput" : 5.587941202478692,
    "receivedKBytesPerSec" : 113.83793107901171,
    "sentKBytesPerSec" : 2.8103415227309827
  },
  "Total" : {
    "transaction" : "Total",
    "sampleCount" : 20011,
    "errorCount" : 0,
    "errorPct" : 0.0,
    "meanResTime" : 45.08470341312262,
    "medianResTime" : 21.0,
    "minResTime" : 6.0,
    "maxResTime" : 300.0,
    "pct1ResTime" : 111.0,
    "pct2ResTime" : 153.0,
    "pct3ResTime" : 184.0,
    "throughput" : 67.38867616998205,
    "receivedKBytesPerSec" : 2404.7886603107772,
    "sentKBytesPerSec" : 42.27472233763205
  },
  "Submit feedback" : {
    "transaction" : "Submit feedback",
    "sampleCount" : 941,
    "errorCount" : 0,
    "errorPct" : 0.0,
    "meanResTime" : 62.64824654622738,
    "medianResTime" : 61.0,
    "minResTime" : 35.0,
    "maxResTime" : 138.0,
    "pct1ResTime" : 77.0,
    "pct2ResTime" : 86.89999999999998,
    "pct3ResTime" : 116.74000000000012,
    "throughput" : 3.2644933443884363,
    "receivedKBytesPerSec" : 75.58035700734251,
    "sentKBytesPerSec" : 2.7581496875140936
  },
  "Enter credentials-0" : {
    "transaction" : "Enter credentials-0",
    "sampleCount" : 1636,
    "errorCount" : 0,
    "errorPct" : 0.0,
    "meanResTime" : 96.3869193154033,
    "medianResTime" : 95.0,
    "minResTime" : 66.0,
    "maxResTime" : 187.0,
    "pct1ResTime" : 111.0,
    "pct2ResTime" : 122.0,
    "pct3ResTime" : 152.62999999999988,
    "throughput" : 5.571182411954204,
    "receivedKBytesPerSec" : 6.205019874580288,
    "sentKBytesPerSec" : 3.8301879082185155
  },
  "Open content" : {
    "transaction" : "Open content",
    "sampleCount" : 4538,
    "errorCount" : 0,
    "errorPct" : 0.0,
    "meanResTime" : 21.034817100044087,
    "medianResTime" : 12.0,
    "minResTime" : 6.0,
    "maxResTime" : 198.0,
    "pct1ResTime" : 39.0,
    "pct2ResTime" : 48.0,
    "pct3ResTime" : 82.0,
    "throughput" : 15.40226451980776,
    "receivedKBytesPerSec" : 380.8537436371898,
    "sentKBytesPerSec" : 8.222823831932716
  },
  "Enter credentials" : {
    "transaction" : "Enter credentials",
    "sampleCount" : 1636,
    "errorCount" : 0,
    "errorPct" : 0.0,
    "meanResTime" : 159.06784841075773,
    "medianResTime" : 157.0,
    "minResTime" : 101.0,
    "maxResTime" : 300.0,
    "pct1ResTime" : 187.0,
    "pct2ResTime" : 206.0,
    "pct3ResTime" : 260.25999999999976,
    "throughput" : 5.570215011661361,
    "receivedKBytesPerSec" : 133.72532600738836,
    "sentKBytesPerSec" : 7.507439969527248
  },
  "Open home page" : {
    "transaction" : "Open home page",
    "sampleCount" : 5542,
    "errorCount" : 0,
    "errorPct" : 0.0,
    "meanResTime" : 19.881450739805175,
    "medianResTime" : 18.0,
    "minResTime" : 8.0,
    "maxResTime" : 142.0,
    "pct1ResTime" : 29.0,
    "pct2ResTime" : 35.0,
    "pct3ResTime" : 54.0,
    "throughput" : 18.824920090897667,
    "receivedKBytesPerSec" : 1366.9107823576667,
    "sentKBytesPerSec" : 9.410947419640825
  }
}